"city","year","severe","gdp","gdp_rate","invest","pop","green","passenger","con_area","car","power","ind_SO2","ind_smoke","ind_control","gas_control","mean_temp","rain","humid","wind_speed","pressure","sun","heating","coast","long","lat","height"
"北京",2014,14,21944.1,7.4,7562.3,2151.6,47.4,52354,216.777,435.7891,937.0485,40347,22710,7.6,6.2,14.06666667,461.5,51.75,2.083333333,1012.958333,2344.1,1,0,116.466666666667,39.8,31.3
"北京",2015,16,23685.7,6.9,7990.9,2170.5,48.4,49931,200.091,439.33,952.7169,22070,12987,10,6.7,13.7,458.6,54.91666667,2.133333333,1013.191667,2420.3,1,0,116.466666666667,39.8,31.3
"北京",2016,9,25669.1,6.8,8461.7,2173,48.4,48039,227.214,452.0409,1020.2704,10257,7874,9.9,9.5,13.83333333,669.1,51.58333333,2.09,1013.083333,2502.1,1,0,116.466666666667,39.8,31.3
"北京",2017,6,28014.9,6.7,8948.1,2171,48.42,44940,215.127,466.61,1066.8903,3799,4282,15.6666,7.8542,14.15,576.2,50,2.039166667,1013.1125,2600.1,1,0,116.466666666667,39.8,31.3
"天津",2014,6,15964.54,10.1,10490,1516.81,34.93,14530,230.291,235.1536,794.36,195395,112129,22.1,15.1,14.03333333,441.4,58.58333333,2.625,1016.7,2265.6,1,1,117.066666666667,39.0833333333333,2.5
"天津",2015,5,16794.67,9.4,11815,1546.95,36.38,14218,219.6573,234.68,800.6,154605,73795,24,20.6,13.65,574.2,58.75,2.7,1016.841667,2221.1,1,1,117.066666666667,39.0833333333333,2.5
"天津",2016,6,17837.89,9.1,12779.39,1562,37.22,13741,93.4976,234.3905,807.93,54539,57280,10.4,6.3,13.78333333,608.6,58.08333333,2.698333333,1016.658333,2327.4,1,1,117.066666666667,39.0833333333333,2.5
"天津",2017,4,18549.19,3.6,11288.92,1557,36.84,12538,152.312,242.51,805.59,42323,44480,7.8305,5.9536,14.225,512.9,54.83333333,2.735,1016.515,2452.8,1,1,117.066666666667,39.0833333333333,2.5
"石家庄",2014,41,5170.2653,7.9,5076.43,1061.62,44.05,6641,49.6787,191.7589,449.6414,156030,104277,15.640232,13.70716962,14.925,294.8,55.41666667,1.86655722,1004.383333,1585.4,1,0,114.35,38.0666666666667,103.6
"石家庄",2015,17,5440.5988,7.5,5689.9,1070.16,44.41,5976,40.839,191.6,443.1195,113652,87128,9.893288824,7.520359771,14.575,534.5,56.41666667,1.86655722,1004.616667,2004.1,1,0,114.35,38.0666666666667,103.6
"石家庄",2016,23,5927.7293,6.8,5916,1078.46,44.53,4582,39.6323,202.669039,452.1861,85815,52705,4.583898469,4.25119616,14.56666667,712.6,58.16666667,1.86655722,1004.416667,1917.1,1,0,114.35,38.0666666666667,103.6
"石家庄",2017,18,6460.9,7.3,6310.1,1087.99,44.42,3824,42.4272,227.8,468.1,36633,27056,6.509804541,4.981433156,14.98333333,558.5,53.58333333,1.86655722,1004.557926,2242.9,1,0,114.35,38.0666666666667,103.6
"太原",2014,1,2572.1208,3.3,1746.09,429.89,40.5,1027,46.3618,87.82,253.2793,83648,59441,6.26830855,4.655881913,10.94166667,428.7,58.08333333,1.925,927.4166667,2513.5,1,0,112.55,37.7833333333333,778.3
"太原",2015,1,2780.0811,9,2025.61,431.8675,40.3,1085,48.3054,99.2,240.3597,64656,34473,6.07561379,3.505999355,11.325,403.6,57.58333333,2.083333333,927.3666667,2710.3,1,0,112.55,37.7833333333333,778.3
"太原",2016,8,3002.9419,7.5,2027.71,434.4429,40.85,876,57.1647,114.3,250.7,15707,21897,6.92610816,5.26936468,11.2,528.4,59.08333333,2,927.325,2730.4,1,0,112.55,37.7833333333333,778.3
"太原",2017,7,3382.1819,7.5,964.86,437.97,43.43,876,55.6506,129.5,270.55,9759,17086,11.22225432,9.386716658,11.45,521.2,57.25,1.8675,927.6633333,2622,1,0,112.55,37.7833333333333,778.3
"呼和浩特",2014,0,2894.0529,8,1736.5,303.06,40.27,699,15.2732,68.14,190.7568,91360,67616,12.62164894,11.53048703,7.675,394.8,45.91666667,3.441666667,886.5333333,2517.2,1,0,111.683333333333,40.8166666666667,1063
"呼和浩特",2015,1,3090.52,8.3,1618.6,305.96,37,649,55.7445,76.938993,187.6982,67279,37983,7.608656649,6.378099424,7.658333333,361.9,46.91666667,3.341666667,886.6416667,2666.3,1,0,111.683333333333,40.8166666666667,1063
"呼和浩特",2016,1,3173.59,7.7,1849.2,308.87,38.3,466,11.7074,85.737985,195.7993,52316,79103,7.107625951,5.619576183,7.083333333,531.3,49,3.4275,886.5166667,2838.4,1,0,111.683333333333,40.8166666666667,1063
"呼和浩特",2017,2,2743.72,5,1490.8,311.48,39.87,435,41.7059,94.536978,217.88,31024,111036,7.179858146,4.495953394,7.741666667,325.3,44,3.3875,886.7725,2746.4,1,0,111.683333333333,40.8166666666667,1063
"沈阳",2014,3,7098.7051,6,6564.06,828.7,41.78,20801,217.477,115.138,296.3291,131344,83226,9.472683598,8.084017939,9.2,362.9,58.58333333,2.208333333,1010.566667,2690,1,0,123.516666666667,41.7333333333333,49
"沈阳",2015,8,7272.3051,3.4,5326,829.1,41.78,15554,83.4131,134.6,307.2,97839,84871,4.819621186,3.627399103,9.008333333,573.2,61.83333333,2.175,1010.616667,2412.8,1,0,123.516666666667,41.7333333333333,49
"沈阳",2016,0,5546.4498,-5.6,1631.6,829.2,36.03,15244,70.5807,156.7,325.6,37530,30130,4.836679543,4.487640813,8.825,968,62.83333333,2.110833333,1010.525,2422.1,1,0,123.516666666667,41.7333333333333,49
"沈阳",2017,0,5865,3.5,1484,829.4,38.88,14780,69.6708,179.3,338.6,25904,20489,3.26884775,2.527744237,9.333333333,463.8,58.75,2.085,1010.315,2556.3,1,0,123.516666666667,41.7333333333333,49
"大连",2014,1,7655.6,5.8,6773.6333,698.4,44.84,10354,105.434,94.2315,310.4773,94370,72465,10.21581761,8.718210838,12.35,436.5,61.33333333,3.083333333,1005.991667,2694.4,1,1,121.633333333333,38.9,91.5
"大连",2015,3,7731.6363,4.2,4559.2792,698.7,44.93,7730,82.354,94.2,307.9076,95796,54112,5.124036685,3.856511821,12.09166667,581.6,62.5,2.95,1005.958333,2674,1,1,121.633333333333,38.9,91.5
"大连",2016,0,6810.1998,6.5,1436.3557,698.7,43.14,7647,44.962,117.5097,321.0706,51021,32710,5.938709489,5.510142824,12.025,380.2,60.91666667,2.873333333,1005.95,2665.7,1,1,121.633333333333,38.9,91.5
"大连",2017,0,6989.8246,7.1,1652.8,698.7,46.56,7564,37.456,130.158446,338.0471,34282,28931,3.895766823,3.012530068,12.44166667,521.7,57.58333333,2.8525,1005.93,2684,1,1,121.633333333333,38.9,91.5
"长春",2014,5,5342.4,6.6,3924.5,754.5,38.84,8883,60.695298,96.5955,188.5731,56210,70944,6.347494845,5.92174824,7.141666667,446,57.16666667,2.483333333,987.35,2674.5,1,0,125.216666666667,43.9,236.8
"长春",2015,8,5592.2,6.5,4400,753.8,38.76,8594,61.47753,111.1,192.789,52369,80781,4.811561864,3.380022797,7.175,530.5,60.16666667,2.65,987.1083333,2695.7,1,0,125.216666666667,43.9,236.8
"长春",2016,0,5986.4,7.8,4659,753.4,38.53,7113,65.222178,128.1,192.9273,21893,24451,3.97019111,1.944583401,6.633333333,890.8,63.33333333,2.744166667,987.1416667,2711.2,1,0,125.216666666667,43.9,236.8
"长春",2017,2,6495,8,5194.8,749.8,41.36,6592,66.87305,143.3,224.7695,14300,18268,3.94197402,3.68946725,6.975,694.3,59.58333333,2.671666667,986.6916667,2801.6,1,0,125.216666666667,43.9,236.8
"哈尔滨",2014,14,5340.1,6.9,4176,987.3,35.5,9228,10.047,80.8305,200.38,60028,130401,6.320325705,5.716699093,5.066666667,415.8,62.58333333,2.541666667,1000.75,2055.9,1,0,126.766666666667,45.75,142.3
"哈尔滨",2015,11,5751.2,7.1,4595.7,961.4,35.41,8316,54.571,116.6,204.8,49346,67433,7.358829781,5.147367981,5.616666667,420.1,64.16666667,2.725,1000.333333,2090.7,1,0,126.766666666667,45.75,142.3
"哈尔滨",2016,1,6101.6,7.3,5040.1,962,33.6,7448,59.984,145.862676,215.3,26217,21781,6.900248211,6.107116233,4.95,537.8,69.16666667,2.805,999.9,2180.8,1,0,126.766666666667,45.75,142.3
"哈尔滨",2017,8,6257.2,6.7,5395.5,1092.9,33.74,6784,44.8215,165.7,221.8,19168,34857,3.589217182,2.715599674,5.133333333,480.8,63.66666667,3.065833333,999.61,2277.2,1,0,126.766666666667,45.75,142.3
"上海",2014,0,24068.2,7.1,6013,2426,38.43,3754,180.1006,183.304,1369.03,155360,131433,17.8,9.8,16.975,1295.3,73.33333333,2.633333333,1016.233333,1612.6,0,1,121.45,31.4,5.5
"上海",2015,0,25659.18,7,6349,2415,38.5,3766,178.8594,208.65,1405.55,104900,111400,21.2,7.4,17.00833333,1648.8,73.75,2.491666667,1016.391667,1495.6,0,1,121.45,31.4,5.5
"上海",2016,0,28183.51,6.8,6755.88,2420,38.6,3402,177.3325,242.6626,1486.02,67376,72782,51.9,33.2,17.63333333,1596.1,74.58333333,2.535833333,1016.183333,1668.6,0,1,121.45,31.4,5.5
"上海",2017,0,30632.99,6.9,7246.6,2418,39.1,3420,411.975,274.38,526.77,12651,30262,44.824,13.3451,17.74166667,1388.8,70.58333333,2.490833333,1016.763333,1809.2,0,1,121.45,31.4,5.5
"南京",2014,2,8956.05,10.1,5460.03,821.61,44.14,10596,115.7014,148.55,470.4973,103949,96177,6.673523376,5.27001949,16.44166667,1091.1,74,2.6,1012.683333,1863.8,0,0,118.8,32,7.1
"南京",2015,0,9861.56,9.3,5484.47,823.59,44.47,9166,115.1589,172.06,495.1753,101021,84128,8.748156023,5.639888368,16.40833333,1765.6,73.33333333,2.508333333,1012.791667,1848.2,0,0,118.8,32,7.1
"南京",2016,0,10662.28,8,5533.56,827,44.75,8490,192.2882,192.71,524.7863,28639,48592,10.30567605,6.461713996,11.975,1807.7,72.91666667,2.541666667,1012.55,1856.1,0,0,118.8,32,7.1
"南京",2017,1,11715.1,8.1,6362.21,833.5,44.9,8404,95.0645,201.56,556.9607,15416,40233,6.11199226,3.136700529,17.03333333,1255.1,71.91666667,2.439166667,1012.889167,2037.4,0,0,118.8,32,7.1
"杭州",2014,0,9206.1634,8.2,4952.701,889.2,40.57,17431,208.7758,179.9442,640.19,80349,70346,15.4914042,9.487339261,17.53333333,1359.9,73.16666667,2.133333333,1011.45,1407.2,0,0,120.166666666667,30.2333333333333,41.7
"杭州",2015,0,10050.2079,10.2,5556.32,901.8,40.43,16591,216.8634,184.9,646.38,63814,49176,13.73258066,8.764479804,17.48333333,2131.9,75,2.091666667,1011.65,1315.8,0,0,120.166666666667,30.2333333333333,41.7
"杭州",2016,0,11313.7223,9.6,5842.42,918.8,40.7,12282,178.9618,192.2663,678.29,39499,20414,14.41410538,8.835224063,18.15833333,1797.3,75.25,2.216666667,1011.383333,1522.4,0,0,120.166666666667,30.2333333333333,41.7
"杭州",2017,0,12603.3629,8.1,5856.65,946.8,39.96,13019,188.0744,199.9,738.03,26497,16343,8.983843666,5.850304237,18.25,1442,71.08333333,2.285833333,1011.969167,1818.4,0,0,120.166666666667,30.2333333333333,41.7
"宁波",2014,0,7610.28,7.6,3989.4626,781.1,38.28,12144,157.7337,123.7026,576.78,118102,30577,12.80597774,7.842714179,17,1655.9,80.33333333,2.133333333,1012.133333,1650,0,1,122.1,30.0333333333333,35.7
"宁波",2015,0,8003.61,8,4506.58,782.5,38.31,9430,144.866,145.1,585.07,101980,28128,10.93611405,6.979704191,17.10833333,1841.2,80.75,1.991666667,1012.291667,1422,0,1,122.1,30.0333333333333,35.7
"宁波",2016,0,8686.49,7.1,4961.3931,787.5,39.8,4813,47.662907,166.1613,646.5408,41928,24009,11.06691316,6.783539797,17.79166667,1806.0994,82.18333333,2.016666667,1012.033333,1600.6,0,1,122.1,30.0333333333333,35.7
"宁波",2017,0,9842.06,7.8,5009.6,800.5,39.85,4303,124.8286,185.3953,709.23,25535,19722,7.01555046,4.568546171,17.76583333,1394.6996,79.70083333,2.078333333,1012.660833,1906.8,0,1,122.1,30.0333333333333,35.7
"合肥",2014,6,5180.56,10,5096.41,770,45.2,16841,101.48,77.1032,226.1427,42364,106284,4.373300845,3.727245039,16.5,1180.2,75.83333333,1.925,1013.583333,1539.4,0,0,117.3,31.7833333333333,27
"合肥",2015,0,5660.27,10.5,5851.9,779,42.93,11211,99.982,96.4331,243.257,40829,85036,4.604223237,3.395293114,16.7,1258.2,75.58333333,1.933333333,1013.716667,1533.5,0,0,117.3,31.7833333333333,27
"合肥",2016,0,6274.38,9.8,6501.17,787,41.78,10127,104.929,121.1845,267.2024,9011,11483,10.66825729,5.346981967,16.99166667,1502,76,1.925,1013.316667,1653.6,0,0,117.3,31.7833333333333,27
"合肥",2017,0,7003.05,8.5,6351.43,797,43.07,8284,82.8356,144.9,296.0923,9379,13599,6.712098648,5.123957866,17.09166667,951.9,74.58333333,1.854166667,1013.7925,1675.8,0,0,117.3,31.7833333333333,27
"福州",2014,0,5169.1647,10.1,4388.62,743,42.92,12700,75.9891,74.193132,378.4,56385,105712,9.111023027,3.953840181,20.75833333,1628,72.41666667,2.2,1005.075,1591.7,0,1,119.283333333333,26.0833333333333,84
"福州",2015,0,5618.0844,9.6,4853.61,750,43.41,12729,78.0001,83.255575,360.09,55370,90911,9.66628609,4.73583144,20.68333333,1778.2,75.58333333,2.191666667,1005.391667,1319,0,1,119.283333333333,26.0833333333333,84
"福州",2016,0,6197.6395,8.5,5184.36,757,43.87,10152,77.6077,92.797788,409.33,39196,67548,4.861639464,1.35523578,21,2263.4,77.33333333,2.2275,1005.016667,1287.2,0,1,119.283333333333,26.0833333333333,84
"福州",2017,0,7085.5222,8.7,5823.39,766,44.36,9390,79.4759,102.34,424.44,34137,48554,3.24516978,2.520282947,21.15,1478,72.66666667,2.169166667,1005.618333,1632.4,0,1,119.283333333333,26.0833333333333,84
"厦门",2014,0,3273.54,9.2,1573,381,41.87,3327,42.1986,67.8344,209.32,16144,4561,5.769848718,2.503896614,21.325,1084.5,76.5,2.416666667,997.7333333,1971.6,0,1,118.066666666667,24.4833333333333,139.4
"厦门",2015,0,3466.01,7.2,1896.5,386,41.87,3627,43.3383,88.6,211.3,17028,2414,5.963499632,2.921714585,21.56666667,1480.9,78.91666667,2.475,998.125,1827.1,0,1,118.066666666667,24.4833333333333,139.4
"厦门",2016,0,3784.25,7.9,2159.8,392,42.93,4139,43.122,102.588128,229.96,4033,1183,2.96849456,0.827500696,21.57083333,2168.1989,80.09583333,2.683333333,997.7858333,1590.7,0,1,118.066666666667,24.4833333333333,139.4
"厦门",2017,0,4351.18,7.6,2381.46,401,43.59,4336,42.877,116.576255,248.97,2525,734,1.992840816,1.547691821,21.76,987.4998,75.17,2.745,998.2083333,2179.3,0,1,118.066666666667,24.4833333333333,139.4
"南昌",2014,1,3705.55,9.8,3463.22,524.01,42.08,3831,140.3558,49.067,153.506,37049,29435,2.900371501,2.381605867,18.81666667,1890.5,74.16666667,1.675,1009.75,1810.5,0,0,115.916666666667,28.6,46.7
"南昌",2015,0,4011.88,9.6,4021.47,530.29,41.11,3914,148.6777,49.1,164.3427,30399,24818,3.550382988,1.871147791,18.65833333,2204.7,75.41666667,1.7,1010.025,1651.4,0,0,115.916666666667,28.6,46.7
"南昌",2016,1,4395.68,9,4576.7338,537.14,40.84,3001,152.594,48,185.2,13800,33926,2.471218552,1.663320179,19.03333333,1869,75.16666667,1.725,1009.708333,1799.3,0,0,115.916666666667,28.6,46.7
"南昌",2017,0,4819.76,9,5157.29,546.35,43.94,2953,163.086,54,205.97,12128,23416,2.563183142,1.756922977,19.16666667,1698.8,72.66666667,1.661666667,1010.344167,1853.5,0,0,115.916666666667,28.6,46.7
"济南",2014,7,8850.54,8,5766,904.6,44.71,5588,81.71,144.8486,337.8,64029,32196,21.08881671,19.07823037,15.38333333,521.4,54.58333333,2.525,996.775,2168,1,0,117.05,36.6,170.3
"济南",2015,10,9472.4,8.1,6555.7,909.7,39.44,4372,89.71,166.7221,342.3,64029,28767,14.22310896,11.75736914,15.025,713.8,57.58333333,2.233333333,996.9583333,2260.2,1,0,117.05,36.6,170.3
"济南",2016,3,10193.29,7.9,7454.7,920.4,38.56,4532,91.01,190.4979,367.3,12908,9033,18.94070585,14.49023937,15.39166667,1008.2,56.91666667,2.283333333,996.7833333,2213.7,1,0,117.05,36.6,170.3
"济南",2017,5,11037.28,7.5,7777.1,929.05,39.05,4534,95.33,212.2629,401.1,5137,7245,17.18628035,12.36063717,15.65,615.5,54.33333333,2.245833333,996.9458333,2376.6,1,0,117.05,36.6,170.3
"青岛",2014,0,5770.6,8.8,3063.4,706.69,39.74,3729,91.827658,121.6458,261.4,67842,90082,13.75002268,12.4391095,13.75833333,666.9,69.91666667,3.225,1008.283333,2184.6,1,1,120.333333333333,36.0666666666667,76
"青岛",2015,1,6100.23,8.1,3498.4,713.2,40,3663,101.89,137.7604,264.2,70327,92900,9.159688778,7.571751189,13.71666667,421.2,70.75,3.183333333,1008.308333,2117.9,1,1,120.333333333333,36.0666666666667,76
"青岛",2016,2,6536.12,7.8,3974.3,723.31,40.31,3212,102.93,157.3886,279.9,28458,54677,12.14511962,9.291400847,13.86666667,484.2,68.33333333,3.183333333,1007.991667,2125.1,1,1,120.333333333333,36.0666666666667,76
"青岛",2017,0,7201.96,8,4363.6,732.12,40.73,3192,120.3282,176.4575,276.3,16545,25060,11.21425783,8.065466717,14.14166667,729.1,67.08333333,3.302953789,1008.279278,2314,1,1,120.333333333333,36.0666666666667,76
"郑州",2014,2,6776.989,9.4,5259.6,938,40.2,13839,177.516,192.6642,496.85,120909,70053,10.76536453,9.019629738,16.3,551.6,58.33333333,1.908333333,1003.766667,1894.2,1,0,113.65,34.7166666666667,110.4
"郑州",2015,14,7311.5,10,6288,957,40.34,13914,232.059,215.0579,500.65,106498,71794,6.5206869,4.623759802,15.86666667,689.1,61.58333333,1.85,1004,1729.5,1,0,113.65,34.7166666666667,110.4
"郑州",2016,8,8114,8.5,6998.6,972,43.64,11007,253.235,243.0561,502.89,34898,28977,13.07164324,11.06678998,16.43333333,833,62.58333333,1.960833333,1003.691667,1915.8,1,0,113.65,34.7166666666667,110.4
"郑州",2017,7,9193.8,8.2,7573.44,988,40.4,8815,237.72,285.3,543.22,24546,16890,10.41194136,5.785659182,16.75,598.8,60.33333333,1.855833333,1004.048333,2115.6,1,0,113.65,34.7166666666667,110.4
"武汉",2014,6,10069.48,9.7,7002.8536,1033.8,39.21,12748,102.3843,94.81,445.2202,84500,21600,9.672566421,8.569231848,16.73333333,1208.6,79.08333333,1.508333333,1013.141667,1596.3,0,0,114.133333333333,30.6166666666667,23.1
"武汉",2015,3,10905.6,8.8,7725.2645,1060.77,39.65,11381,110.6252,165.2,464.2788,75035,20811,5.831045116,4.42864186,16.825,1432.8,81.33333333,1.616666667,1013.291667,1624.7,0,0,114.133333333333,30.6166666666667,23.1
"武汉",2016,0,11912.61,7.8,7093.17,1076.62,39.65,11484,118.031,196,491.3201,17917,54089,13.45691705,3.610392379,17.25,1827.1,79.66666667,1.750833333,1013.033333,1614.6,0,0,114.133333333333,30.6166666666667,23.1
"武汉",2017,1,13410.34,8,7871.6603,1089.29,39.55,10410,119.1298,226,519.3651,14100,42300,6.600903529,4.694854458,17.28333333,1107.3,80.75,1.583333333,1013.56,1662,0,0,114.133333333333,30.6166666666667,23.1
"长沙",2014,5,7934.66,10.5,5435.75,731.15,40.13,9765,262.5172,128.508,227.4871,19576,17323,5.077042325,3.903159707,18.6,1386.8,69.25,2.383333333,1007.583333,1634.4,0,0,113.083333333333,28.2,44.9
"长沙",2015,0,8630.52,9.9,6363.29,743.18,39.31,8606,258.5237,152.2538,246.4961,15952,11641,7.793748008,3.762499038,17.41666667,1538.3,82.5,2.316666667,1001.441667,1263.4,0,0,113.083333333333,28.2,44.9
"长沙",2016,0,9356.91,9.4,6693.32,764.52,40.06,7578,279.8052,176.2027,284.8657,6634,6890,3.766326375,2.402145168,17.5,1704.8,83.16666667,2.435833333,1001.233333,1502.5,0,0,113.083333333333,28.2,44.9
"长沙",2017,1,10535.51,9,7567.77,791.8,41.5,6558,98.1409,176.2027,312.9,3532,7577,2.675288694,2.055301649,17.675,1684.2,77.25,2.339166667,1003.683333,1498.9,0,0,113.083333333333,28.2,44.9
"广州",2014,0,16706.8719,8.6,4889.5,1308.05,41.5,78690,163.9888,179.2504,765.8542,56527,10006,9.337735521,6.701488289,21.69166667,2234,78.58333333,2.233333333,1004.925,1613.6,0,1,113.333333333333,23.1666666666667,41
"广州",2015,0,18100.4136,8.4,5405.95,1350.11,41.6,85108,151.597,180.7,779.3233,47846,9227,8.626045262,3.703979089,22.25,2471.9,78.08333333,2.308333333,1005.225,1594.3,0,1,113.333333333333,23.1666666666667,41
"广州",2016,0,19547.442,8.2,5703.59,1404.35,41.8,91323,115.639,184.8977,823.5701,20726,8951,6.406626549,4.520902508,21.925,2939.7,81.75,2.229166667,1004.75,1451.8,0,1,113.333333333333,23.1666666666667,41
"广州",2017,0,21503.15,7,5919.83,2702.67,42.5,91323,106.5849,191.2613,869.59,15285,8614,10.07429763,6.248614073,22.08333333,2067.4,80.25,2.2,1005.303333,1671.5,0,1,113.333333333333,23.1666666666667,41
"深圳",2014,0,16449.48,8.8,2717.42,1077.89,45,6370,62.497,263.92,788.68,8079,725,9.193875108,6.598242822,23.23333333,1725.5,72.91666667,2.125,1005.938166,2034.6,0,1,114,22.55,63
"深圳",2015,0,18014.07,8.9,3298.31,1137.87,45,6574,70.1006,267.93,815.54,4132,1079,8.584896821,3.686310162,23.94166667,1500.8,71.91666667,1.941666667,1005.938166,1964.3,0,1,114,22.55,63
"深圳",2016,0,20079.7,9.1,4078.16,1190.84,45.11,5585,66.775,265.0617,851.08,4749,1741,6.581072813,4.644002325,23.175,2490.6,79.25,1.833333333,1005.938166,1759.3,0,1,114,22.55,63
"深圳",2017,0,22490.06,8.8,5147.32,1252.83,45.11,6001,56.7607,262.2439,884.49,1329,892,10.53666826,6.53540088,23.62566628,1967.1,77.00535714,1.807247824,1005.938166,1919.1,0,1,114,22.55,63
"南宁",2014,0,3148.32,8.5,2933.8739,691.38,49.36,6702,65.4109,71.0055,159.1232,32077,27563,3.595694731,2.129294087,21.63333333,1234.7,82.08333333,1.441666667,998.1,1416.4,0,0,108.216666666667,22.6333333333333,121.6
"南宁",2015,0,3410.08,8.6,3418.4261,698.61,42.95,5973,51.7493,85.0231,166.8196,30678,26008,5.012698594,3.795039017,22.225,1222.3,83.16666667,1.558333333,998.2666667,1431.1,0,0,108.216666666667,22.6333333333333,121.6
"南宁",2016,0,3703.33,7,3824.73,706.22,42.12,5719,71.9735,88.329,189.5586,9381,9693,2.628247416,2.122815221,22.28333333,1546.4,80,1.631666667,997.975,1582.9,0,0,108.216666666667,22.6333333333333,121.6
"南宁",2017,0,4118.83,8,4307.95,715.33,42.28,5482,18.473193,113.1833,196.2368,8384,9918,1.686533035,0.973758417,21.91666667,1548.7,79.83333333,2.5325,995.1658333,1632.2,0,0,108.216666666667,22.6333333333333,121.6
"海口",2014,0,1091.7,9.2,1072.408,220.07,42.79,2100,22.5204,39.830508,60.34,1773,998,1.746360749,1.746360749,24.65833333,1861.3,82.58333333,3.033333333,1004,2112,0,1,110.25,20,63.5
"海口",2015,0,1161.96,7.5,1145.4,222.3,42.9,2170,25.7166,47,65.02,2517,854,0.407951906,0.345190074,25.33333333,1673.2,81.33333333,3.075,1004.416667,2406.7,0,1,110.25,20,63.5
"海口",2016,0,1257.67,7.7,1212.8208,224.36,40.29,2827,21.363638,56.29,70.34,593,156,0.496465015,0.372348761,24.64166667,1913.7,82.16666667,2.969166667,1003.966667,2084.3,0,1,110.25,20,63.5
"海口",2017,0,1390.58,7.5,489.3,227.21,40.8,2666,19.036868,68.69,70.34,502,113,1.067363805,0.975500654,24.63333333,2009.4,82.16666667,3.044166667,1004.5025,1994,0,1,110.25,20,63.5
"重庆",2014,0,14393.19,10.9,12141,2991,40.6,63630,360.62,190.5811,867.21,474805,214774,5,3.4,18.55,1452.1,79.41666667,1.308333333,983.6166667,598.4,0,0,106.466666666667,29.5833333333333,259.1
"重庆",2015,0,15872.23,11,14208,3017,40.3,57556,355.33,231.64,875.37,426800,196416,6,4.4,19.6,1448.7,75.25,1.383333333,983.3,1129.8,0,0,106.466666666667,29.5833333333333,259.1
"重庆",2016,0,17740.59,10.7,16048.1,3048,40.76,55594,346.42,278.6357,918.78,174048,83787,3.7,2.7,19.53333333,1348,75.66666667,1.365,983.2416667,1228.4,0,0,106.466666666667,29.5833333333333,259.1
"重庆",2017,0,19500.27,9.3,17537.05,3075,40.32,53307,332.108,320.14,992.63,139880,68731,6.0702,4.9957,19.375,1245.5,75.08333333,1.328333333,983.5916667,1154.4,0,0,106.466666666667,29.5833333333333,259.1
"成都",2014,6,10056.5926,8.9,6620.4,1442.75,35.86,15179,262.4091,277.7,478.0323,50754,25574,8.175902447,5.814758206,16,975,82.16666667,1.25,951.2083333,875.8,0,0,103.833333333333,30.7,539.3
"成都",2015,1,10801.1633,7.9,7007,1465.75,39.84,14124,264.4211,328.5,486.3458,37224,20607,4.240951081,1.68919238,16.78333333,880.2,81.25,1.308333333,951.0666667,1038.4,0,0,103.833333333333,30.7,539.3
"成都",2016,0,12170.2335,7.7,8370.5026,1591.76,41.39,12370,239.765,369.9,556.2783,17318,12534,4.286524378,2.328026171,16.78333333,983.9,81.58333333,1.316666667,951.1583333,1088.5,0,0,103.833333333333,30.7,539.3
"成都",2017,2,13889.394,8.1,9404.24,1604.5,41.63,10053,223.969,398.2,569.9242,11181,9936,4.767511762,3.3042514,16.58333333,966.9,81.25,1.295833333,951.6308333,1156.7,0,0,103.833333333333,30.7,539.3
"贵阳",2014,0,2497.2691,13.9,3421.76,455.6,43.5,69659,68.1579,63.4926,232.25,70533,29669,4.985704071,4.554508044,14.70833333,1562,82.58333333,2.366666667,877.65,956,0,0,106.733333333333,26.5833333333333,1223.8
"贵阳",2015,0,2891.1581,12.5,2804.45,462.18,38.57,63580,68.4781,72.6195,239.85,57192,23545,2.945509635,2.560115851,15.20833333,1430.8,83.75,2.45,877.8166667,942.3,0,0,106.733333333333,26.5833333333333,1223.8
"贵阳",2016,0,3157.7101,11.7,3380.73,469.68,40.74,62385,60.8675,80,236.74,40373,8475,1.528348495,1.099338391,15.29166667,1045.8,79.91666667,2.533333333,877.7583333,1160.2,0,0,106.733333333333,26.5833333333333,1223.8
"贵阳",2017,0,3537.9637,11.3,3850.6,480.2,40.9,68522,57.9077,90.59,249.61,50631,12983,1.394196695,0.828418299,15.15,1165.9,80.08333333,2.399166667,878.2033333,1100.7,0,0,106.733333333333,26.5833333333333,1223.8
"昆明",2014,0,3712.99,8.1,3138.17,662.6,40.36,8173,87.7272,135.1,319.9,61456,26161,7.069828687,3.882610837,16.38333333,1078.3,65.58333333,2.558333333,810.525,2636.4,0,0,102.683333333333,25.0166666666667,1892.4
"昆明",2015,0,3968.01,8,3497.88,667.7,40.64,8025,92.0041,154.5,313.55,74017,24533,6.293262805,3.875018301,16.225,1190.7,69.83333333,2.366666667,811.125,2388.9,0,0,102.683333333333,25.0166666666667,1892.4
"昆明",2016,0,4300.43,8.5,3920.07,672.8,41.88,7376,95.1845,175.2,313.55,80083,25188,3.693123471,2.733492963,15.78333333,1150.2,73.25,2.259166667,811.0583333,2128.4,0,0,102.683333333333,25.0166666666667,1892.4
"昆明",2017,0,4857.64,9.7,4217.94,678.3,41.92,5461,100.902,193.8,307.19,50882,36018,1.768392229,0.999094001,15.7,1186.4,72.83333333,2.186666667,811.245,2349,0,0,102.683333333333,25.0166666666667,1892.4
"西安",2014,5,5492.64,9.9,5903.98,862.75,42.5,19282,111.8218,170.3443,275.3213,62604,21985,10.37053693,7.94867501,15.2,660.2,61.25,2.325,968.7,1941.8,1,0,108.966666666667,34.4333333333333,410
"西安",2015,1,5801.2,8.2,5165.98,870.56,42.62,19625,133.9294,197.2289,284.4836,38691,16444,9.013142477,5.568834459,15.20833333,551.6,61.91666667,2.266666667,968.8083333,1795.9,1,0,108.966666666667,34.4333333333333,410
"西安",2016,7,6282.65,8.6,5191.36,883.21,43.15,15773,147.271,221.9569,312.0582,4914,2853,6.315168259,5.084520085,15.8,456,59.41666667,2.325833333,968.6416667,2140.3,1,0,108.966666666667,34.4333333333333,410
"西安",2017,15,7471.89,7.7,5119.3515,961.67,41.11,15601,158.4392,246.66,361.3693,3904,2758,5.878001489,3.76685608,15.60833333,649.1,59.33333333,2.144166667,969.1025,1966.1,1,0,108.966666666667,34.4333333333333,410
"兰州",2014,4,2000.94,10.4,1610.68,366.49,28,3871,69.58101,34.74,139.6678,67616,63801,5.151012313,4.038861927,7.7,355.6,59.08333333,1.616666667,832.8333333,2492.8,1,0,103.933333333333,36.35,1668.5
"兰州",2015,1,2095.99,9.1,1803.75,369.31,25.8,4067,76.1526,44.58,131.545,61240,45209,1.265560816,0.740816088,8.325,191,56.66666667,1.683333333,832.975,2511.5,1,0,103.933333333333,36.35,1668.5
"兰州",2016,6,2287.16,8.3,1990.95,370.55,27.39,4213,66.9121,54.58,119.5118,19192,15892,3.494092665,1.81057529,8.15,310,56.25,1.708333333,833.0833333,2734.5,1,0,103.933333333333,36.35,1668.5
"兰州",2017,9,2523.54,5.7,1315.35,372.96,30.93,4364,41.402,75.892617,301.88,20095,15786,2.535650618,1.092511338,7.991666667,303,57.33333333,1.585833333,833.5641667,2439.2,1,0,103.933333333333,36.35,1668.5
"西宁",2014,2,1065.78,13.5,1176.61,229.07,37.92,1587,27.497579,25.24011,495.65,66772,71622,3.470360176,2.267301981,5.716666667,446.5,59.08333333,1.033333333,770.725,2571.3,1,0,101.75,36.7166666666667,2295.2
"西宁",2015,2,1131.62,10.9,1295.95,231.08,38.92,1709,18.9355,27.764121,462.42,57696,61783,2.294093213,1.170455721,6.391666667,306.2,55.25,1.025,770.8833333,2590.1,1,0,101.75,36.7166666666667,2295.2
"西宁",2016,1,1248.16,9.8,1399.3,233.37,40.57,1950,33.463199,30.540533,462.42,23303,28348,4.657874666,4.124159861,6.625,444.1,56.91666667,1.110833333,770.9583333,2690.4,1,0,101.75,36.7166666666667,2295.2
"西宁",2017,4,1284.91,9.5,1600.03,235.5,41,2112,22.3527,33.594586,429.19,24120,24144,0.748233194,0.28573354,6.291666667,464,57.25,1.050833333,771.4875,2555.9,1,0,101.75,36.7166666666667,2295.2
"银川",2014,2,1388.6244,9.5,1371.92,212.89,40.46,3366,11.611141,44.7,223.77,67563,27473,13.77473425,11.10051844,10.69166667,169.2,49.66666667,1.708333333,890.4916667,2738.8,1,0,106.216666666667,38.4833333333333,1111.4
"银川",2015,1,1493.859,8.3,1540.88,216.41,40.89,3602,42.3136,51.77,266.35,64883,18795,5.335632141,4.258244882,10.725,227.1,50,1.691666667,890.5583333,2841.9,1,0,106.216666666667,38.4833333333333,1111.4
"银川",2016,1,1617.7071,8.1,1723.31,219.11,41.51,3447,10.82778,60.65,266.35,24366,11220,12.35518379,9.087697171,10.675,264.9,50,1.694166667,890.5916667,2845.7,1,0,106.216666666667,38.4833333333333,1111.4
"银川",2017,3,1803.2581,8,1719.05,222.54,41.86,2862,41.4419,69.67,308.92,13728,21023,4.479972288,3.724015257,10.975,211.3,47.41666667,1.5975,891.09,2894.5,1,0,106.216666666667,38.4833333333333,1111.4
"乌鲁木齐",2014,7,2264.68,10.5,1519.15,353,38.5,1055,68.04,55.78,149.87,71251,77076,7.741485487,6.813484072,7.366666667,297,54.16666667,1.959895033,912.1166667,2986.9,1,0,87.65,43.7833333333333,935
"乌鲁木齐",2015,7,2387.31,10.5,1708.39,355,40.3,2012,58.1302,64.77,161.64,58978,45969,4.045073138,3.430631649,8.783333333,408.9,57.75,1.959895033,911.8583333,2798.8,1,0,87.65,43.7833333333333,935
"乌鲁木齐",2016,14,2458.98,7.6,1607.78,351.96,40.9,1805,50.3892,77.71,215.04,40166,34024,3.720437734,2.013113568,8.408333333,387.1,60.08333333,1.959895033,912.1,2719.8,1,0,87.65,43.7833333333333,935
"乌鲁木齐",2017,15,2730.65,8.1,1996.8748,351.96,41.8,1467,51.1146,88.3,322.84,37483,39751,3.38195834,2.034595171,8.25,309.7,58.58333333,1.959895033,912.7723118,2667.9,1,0,87.65,43.7833333333333,935
